{
  "experiments": [
    {
      "id": "custom_modeling",
      "name": "custom-modeling",
      "artifactLocation": "dss-managed-folder://Du6jCC9B/custom_modeling",
      "lastUpdateTime": 1674158347956,
      "creationTime": 1674158347956,
      "tags": [],
      "lifecycleStage": "active"
    }
  ],
  "runs": [
    {
      "info": {
        "experimentId": "custom_modeling",
        "runId": "run_20230120052603",
        "artifactUri": "dss-managed-folder://Du6jCC9B/custom_modeling/run_20230120052603/artifacts",
        "runUuid": "run_20230120052603",
        "startTime": 1674192363865,
        "endTime": 1674192370469,
        "status": "FINISHED",
        "userId": "dataiku_user",
        "lifecycleStage": "active"
      },
      "data": {
        "metrics": [
          {
            "key": "mean_test_f1_macro",
            "timestamp": 1674192365915,
            "step": 0,
            "value": 0.8325390313997694
          },
          {
            "key": "mean_test_roc_auc",
            "timestamp": 1674192365915,
            "step": 0,
            "value": 0.9293203492300594
          },
          {
            "key": "std_test_f1_macro",
            "timestamp": 1674192365915,
            "step": 0,
            "value": 0.006351700834323237
          },
          {
            "key": "std_test_roc_auc",
            "timestamp": 1674192365915,
            "step": 0,
            "value": 0.0062051608257221325
          }
        ],
        "runParams": [
          {
            "key": "categorical_cols",
            "value": "[\u0027gender\u0027, \u0027ip_country_code\u0027]"
          },
          {
            "key": "class_labels",
            "value": "[\u00270.0\u0027, \u00271.0\u0027]"
          },
          {
            "key": "criterion",
            "value": "gini"
          },
          {
            "key": "max_depth",
            "value": "5"
          },
          {
            "key": "min_samples_split",
            "value": "3"
          },
          {
            "key": "model_algo",
            "value": "RandomForestClassifier"
          },
          {
            "key": "n_cv_folds",
            "value": "5"
          },
          {
            "key": "n_estimators",
            "value": "50"
          },
          {
            "key": "numerical_cols",
            "value": "[\u0027age\u0027, \u0027price_first_item_purchased\u0027, \u0027pages_visited\u0027, \u0027campaign\u0027]"
          },
          {
            "key": "random_state",
            "value": "42"
          }
        ],
        "runTags": [
          {
            "key": "dku-ext.codeEnv",
            "value": "mlflow"
          },
          {
            "key": "dku-ext.dssUser",
            "value": "tyler.freckmann@dataiku.com"
          },
          {
            "key": "dku-ext.git.branch",
            "value": "master"
          },
          {
            "key": "dku-ext.git.commit",
            "value": "e684015e4082cebe0d6f426158441a895baa20e0"
          },
          {
            "key": "dku-ext.git.message",
            "value": "Updated summary for model evaluation store CODERHANDSON.custom_model_eval_store (id: j7eDOMSG)"
          },
          {
            "key": "dku-ext.predictionType",
            "value": "BINARY_CLASSIFICATION"
          },
          {
            "key": "dku-ext.target",
            "value": "high_value"
          },
          {
            "key": "dku-ext.targetClasses",
            "value": "[\"0.0\", \"1.0\"]"
          },
          {
            "key": "mlflow.runName",
            "value": "run-20230120052603"
          },
          {
            "key": "mlflow.source.name",
            "value": "/data/dataiku/datadir/code-envs/python/mlflow/lib/python3.8/site-packages/ipykernel_launcher.py"
          },
          {
            "key": "mlflow.source.type",
            "value": "LOCAL"
          },
          {
            "key": "mlflow.user",
            "value": "dataiku_user"
          }
        ],
        "models": []
      }
    },
    {
      "info": {
        "experimentId": "custom_modeling",
        "runId": "run_20230119200351",
        "artifactUri": "dss-managed-folder://Du6jCC9B/custom_modeling/run_20230119200351/artifacts",
        "runUuid": "run_20230119200351",
        "startTime": 1674158631723,
        "endTime": 1674158638089,
        "status": "FINISHED",
        "userId": "dataiku_user",
        "lifecycleStage": "active"
      },
      "data": {
        "metrics": [
          {
            "key": "mean_test_f1_macro",
            "timestamp": 1674158633775,
            "step": 0,
            "value": 0.8416211393827429
          },
          {
            "key": "mean_test_roc_auc",
            "timestamp": 1674158633775,
            "step": 0,
            "value": 0.9340860354289628
          },
          {
            "key": "std_test_f1_macro",
            "timestamp": 1674158633775,
            "step": 0,
            "value": 0.013535237170634406
          },
          {
            "key": "std_test_roc_auc",
            "timestamp": 1674158633775,
            "step": 0,
            "value": 0.007093549992411674
          }
        ],
        "runParams": [
          {
            "key": "categorical_cols",
            "value": "[\u0027gender\u0027, \u0027ip_country_code\u0027]"
          },
          {
            "key": "class_labels",
            "value": "[\u00270.0\u0027, \u00271.0\u0027]"
          },
          {
            "key": "criterion",
            "value": "gini"
          },
          {
            "key": "max_depth",
            "value": "5"
          },
          {
            "key": "min_samples_split",
            "value": "3"
          },
          {
            "key": "model_algo",
            "value": "RandomForestClassifier"
          },
          {
            "key": "n_cv_folds",
            "value": "5"
          },
          {
            "key": "n_estimators",
            "value": "50"
          },
          {
            "key": "numerical_cols",
            "value": "[\u0027age\u0027, \u0027price_first_item_purchased\u0027, \u0027pages_visited\u0027, \u0027campaign\u0027]"
          },
          {
            "key": "random_state",
            "value": "42"
          }
        ],
        "runTags": [
          {
            "key": "dku-ext.codeEnv",
            "value": "mlflow"
          },
          {
            "key": "dku-ext.dssUser",
            "value": "tyler.freckmann@dataiku.com"
          },
          {
            "key": "dku-ext.git.branch",
            "value": "master"
          },
          {
            "key": "dku-ext.git.commit",
            "value": "bece950aafd62e512940299ec71fdf99154e8a45"
          },
          {
            "key": "dku-ext.git.message",
            "value": "Saved Jupyter notebook \u0027Custom Modeling\u0027"
          },
          {
            "key": "dku-ext.predictionType",
            "value": "BINARY_CLASSIFICATION"
          },
          {
            "key": "dku-ext.target",
            "value": "high_value"
          },
          {
            "key": "dku-ext.targetClasses",
            "value": "[\"0.0\", \"1.0\"]"
          },
          {
            "key": "mlflow.runName",
            "value": "run-20230119200351"
          },
          {
            "key": "mlflow.source.name",
            "value": "/data/dataiku/datadir/code-envs/python/mlflow/lib/python3.8/site-packages/ipykernel_launcher.py"
          },
          {
            "key": "mlflow.source.type",
            "value": "LOCAL"
          },
          {
            "key": "mlflow.user",
            "value": "dataiku_user"
          }
        ],
        "models": []
      }
    },
    {
      "info": {
        "experimentId": "custom_modeling",
        "runId": "run_20230119195908",
        "artifactUri": "dss-managed-folder://Du6jCC9B/custom_modeling/run_20230119195908/artifacts",
        "runUuid": "run_20230119195908",
        "startTime": 1674158348618,
        "endTime": 1674158374278,
        "status": "FINISHED",
        "userId": "dataiku_user",
        "lifecycleStage": "active"
      },
      "data": {
        "metrics": [
          {
            "key": "mean_test_f1_macro",
            "timestamp": 1674158369484,
            "step": 0,
            "value": 0.9292941339388534
          },
          {
            "key": "mean_test_roc_auc",
            "timestamp": 1674158369484,
            "step": 0,
            "value": 0.975501975872518
          },
          {
            "key": "std_test_f1_macro",
            "timestamp": 1674158369484,
            "step": 0,
            "value": 0.00436418760811272
          },
          {
            "key": "std_test_roc_auc",
            "timestamp": 1674158369484,
            "step": 0,
            "value": 0.0027879615433413344
          }
        ],
        "runParams": [
          {
            "key": "categorical_cols",
            "value": "[\u0027gender\u0027, \u0027ip_country_code\u0027]"
          },
          {
            "key": "class_labels",
            "value": "[\u00270.0\u0027, \u00271.0\u0027]"
          },
          {
            "key": "learning_rate",
            "value": "0.1"
          },
          {
            "key": "loss",
            "value": "exponential"
          },
          {
            "key": "max_depth",
            "value": "3"
          },
          {
            "key": "model_algo",
            "value": "GradientBoostingClassifier"
          },
          {
            "key": "n_cv_folds",
            "value": "5"
          },
          {
            "key": "n_estimators",
            "value": "300"
          },
          {
            "key": "numerical_cols",
            "value": "[\u0027age\u0027, \u0027price_first_item_purchased\u0027, \u0027pages_visited\u0027, \u0027campaign\u0027]"
          },
          {
            "key": "random_state",
            "value": "42"
          }
        ],
        "runTags": [
          {
            "key": "dku-ext.codeEnv",
            "value": "mlflow"
          },
          {
            "key": "dku-ext.dssUser",
            "value": "tyler.freckmann@dataiku.com"
          },
          {
            "key": "dku-ext.git.branch",
            "value": "master"
          },
          {
            "key": "dku-ext.git.commit",
            "value": "98ed7b6600ed7761f347f494526735e698452c16"
          },
          {
            "key": "dku-ext.git.message",
            "value": "Created managed folder Du6jCC9B (named tracking) in CODERHANDSON"
          },
          {
            "key": "dku-ext.predictionType",
            "value": "BINARY_CLASSIFICATION"
          },
          {
            "key": "dku-ext.target",
            "value": "high_value"
          },
          {
            "key": "dku-ext.targetClasses",
            "value": "[\"0.0\", \"1.0\"]"
          },
          {
            "key": "mlflow.runName",
            "value": "run-20230119195908"
          },
          {
            "key": "mlflow.source.name",
            "value": "/data/dataiku/datadir/code-envs/python/mlflow/lib/python3.8/site-packages/ipykernel_launcher.py"
          },
          {
            "key": "mlflow.source.type",
            "value": "LOCAL"
          },
          {
            "key": "mlflow.user",
            "value": "dataiku_user"
          }
        ],
        "models": []
      }
    }
  ],
  "models": [
    {
      "runId": "run_20230119195908",
      "artifactPath": "GradientBoostingClassifier-run_20230119195908"
    },
    {
      "runId": "run_20230119200351",
      "artifactPath": "RandomForestClassifier-run_20230119200351"
    },
    {
      "runId": "run_20230120052603",
      "artifactPath": "RandomForestClassifier-run_20230120052603"
    }
  ]
}