[
    {
        "test_score_gib": 0.929244029098405,
        "train_score": 0.9384382288494084,
        "test_score": 0.929244029098405,
        "num_samples": 3223,
        "fit_time": 191,
        "score_time": 308,
        "time": 499,
        "parameters": {
            "C": 0.1,
            "penalty": "l2"
        },
        "done_at": 1674194046260,
        "split_id": 0
    },
    {
        "test_score_gib": 0.938364096939755,
        "train_score": 0.9357701625780638,
        "test_score": 0.938364096939755,
        "num_samples": 3223,
        "fit_time": 210,
        "score_time": 389,
        "time": 599,
        "parameters": {
            "C": 0.1,
            "penalty": "l2"
        },
        "done_at": 1674194046372,
        "split_id": 1
    },
    {
        "test_score_gib": 0.9331660099912088,
        "train_score": 0.9370856024306334,
        "test_score": 0.9331660099912088,
        "num_samples": 3223,
        "fit_time": 365,
        "score_time": 341,
        "time": 706,
        "parameters": {
            "C": 0.1,
            "penalty": "l2"
        },
        "done_at": 1674194046486,
        "split_id": 2
    },
    {
        "test_score_gib": 0.9374635684718298,
        "train_score": 0.9361243586620309,
        "test_score": 0.9374635684718298,
        "num_samples": 3222,
        "fit_time": 405,
        "score_time": 233,
        "time": 638,
        "parameters": {
            "C": 0.1,
            "penalty": "l2"
        },
        "done_at": 1674194046481,
        "split_id": 3
    },
    {
        "test_score_gib": 0.9345062713752695,
        "train_score": 0.9366051283132656,
        "test_score": 0.9345062713752695,
        "num_samples": 3222,
        "fit_time": 331,
        "score_time": 305,
        "time": 636,
        "parameters": {
            "C": 0.1,
            "penalty": "l2"
        },
        "done_at": 1674194046991,
        "split_id": 4
    },
    {
        "test_score_gib": 0.8968071892554473,
        "train_score": 0.9019832940596546,
        "test_score": 0.8968071892554473,
        "num_samples": 3223,
        "fit_time": 374,
        "score_time": 296,
        "time": 670,
        "parameters": {
            "C": 0.01,
            "penalty": "l2"
        },
        "done_at": 1674194047048,
        "split_id": 0
    },
    {
        "test_score_gib": 0.9018966507608445,
        "train_score": 0.8997923480761728,
        "test_score": 0.9018966507608445,
        "num_samples": 3223,
        "fit_time": 287,
        "score_time": 410,
        "time": 697,
        "parameters": {
            "C": 0.01,
            "penalty": "l2"
        },
        "done_at": 1674194047188,
        "split_id": 1
    },
    {
        "test_score_gib": 0.8988582474887895,
        "train_score": 0.9006370577532035,
        "test_score": 0.8988582474887895,
        "num_samples": 3223,
        "fit_time": 231,
        "score_time": 307,
        "time": 538,
        "parameters": {
            "C": 0.01,
            "penalty": "l2"
        },
        "done_at": 1674194047077,
        "split_id": 2
    },
    {
        "test_score_gib": 0.9024177507820992,
        "train_score": 0.9003915126640898,
        "test_score": 0.9024177507820992,
        "num_samples": 3222,
        "fit_time": 225,
        "score_time": 210,
        "time": 435,
        "parameters": {
            "C": 0.01,
            "penalty": "l2"
        },
        "done_at": 1674194047475,
        "split_id": 3
    },
    {
        "test_score_gib": 0.897327933333463,
        "train_score": 0.9007297033823736,
        "test_score": 0.897327933333463,
        "num_samples": 3222,
        "fit_time": 215,
        "score_time": 199,
        "time": 414,
        "parameters": {
            "C": 0.01,
            "penalty": "l2"
        },
        "done_at": 1674194047468,
        "split_id": 4
    },
    {
        "test_score_gib": 0.9346850173062289,
        "train_score": 0.9484517778312958,
        "test_score": 0.9346850173062289,
        "num_samples": 3223,
        "fit_time": 577,
        "score_time": 138,
        "time": 715,
        "parameters": {
            "C": 10.0,
            "penalty": "l2"
        },
        "done_at": 1674194047795,
        "split_id": 0
    },
    {
        "test_score_gib": 0.945738190529416,
        "train_score": 0.9457072488851076,
        "test_score": 0.945738190529416,
        "num_samples": 3223,
        "fit_time": 785,
        "score_time": 239,
        "time": 1024,
        "parameters": {
            "C": 10.0,
            "penalty": "l2"
        },
        "done_at": 1674194048282,
        "split_id": 1
    },
    {
        "test_score_gib": 0.9395937602747232,
        "train_score": 0.9473524719870112,
        "test_score": 0.9395937602747232,
        "num_samples": 3223,
        "fit_time": 722,
        "score_time": 297,
        "time": 1019,
        "parameters": {
            "C": 10.0,
            "penalty": "l2"
        },
        "done_at": 1674194048489,
        "split_id": 2
    },
    {
        "test_score_gib": 0.944947221676735,
        "train_score": 0.9458811645285576,
        "test_score": 0.944947221676735,
        "num_samples": 3222,
        "fit_time": 671,
        "score_time": 204,
        "time": 875,
        "parameters": {
            "C": 10.0,
            "penalty": "l2"
        },
        "done_at": 1674194048360,
        "split_id": 3
    },
    {
        "test_score_gib": 0.9426027714209608,
        "train_score": 0.9466527281527728,
        "test_score": 0.9426027714209608,
        "num_samples": 3222,
        "fit_time": 515,
        "score_time": 232,
        "time": 747,
        "parameters": {
            "C": 10.0,
            "penalty": "l2"
        },
        "done_at": 1674194048586,
        "split_id": 4
    },
    {
        "test_score_gib": 0.9344382296268027,
        "train_score": 0.9467028308149001,
        "test_score": 0.9344382296268027,
        "num_samples": 3223,
        "fit_time": 477,
        "score_time": 223,
        "time": 700,
        "parameters": {
            "C": 1.0,
            "penalty": "l2"
        },
        "done_at": 1674194049042,
        "split_id": 0
    },
    {
        "test_score_gib": 0.9453530462927048,
        "train_score": 0.9439658096432675,
        "test_score": 0.9453530462927048,
        "num_samples": 3223,
        "fit_time": 501,
        "score_time": 363,
        "time": 864,
        "parameters": {
            "C": 1.0,
            "penalty": "l2"
        },
        "done_at": 1674194049241,
        "split_id": 1
    },
    {
        "test_score_gib": 0.9393528022255196,
        "train_score": 0.9454880656026909,
        "test_score": 0.9393528022255196,
        "num_samples": 3223,
        "fit_time": 437,
        "score_time": 304,
        "time": 741,
        "parameters": {
            "C": 1.0,
            "penalty": "l2"
        },
        "done_at": 1674194049282,
        "split_id": 2
    },
    {
        "test_score_gib": 0.9444642548136281,
        "train_score": 0.9441081472745875,
        "test_score": 0.9444642548136281,
        "num_samples": 3222,
        "fit_time": 547,
        "score_time": 215,
        "time": 762,
        "parameters": {
            "C": 1.0,
            "penalty": "l2"
        },
        "done_at": 1674194049353,
        "split_id": 3
    },
    {
        "test_score_gib": 0.9417457191131609,
        "train_score": 0.9448717911966145,
        "test_score": 0.9417457191131609,
        "num_samples": 3222,
        "fit_time": 495,
        "score_time": 128,
        "time": 623,
        "parameters": {
            "C": 1.0,
            "penalty": "l2"
        },
        "done_at": 1674194049669,
        "split_id": 4
    },
    {
        "test_score_gib": 0.9340554172421807,
        "train_score": 0.948732651209495,
        "test_score": 0.9340554172421807,
        "num_samples": 3223,
        "fit_time": 635,
        "score_time": 267,
        "time": 902,
        "parameters": {
            "C": 100.0,
            "penalty": "l2"
        },
        "done_at": 1674194050146,
        "split_id": 0
    },
    {
        "test_score_gib": 0.9454820754416333,
        "train_score": 0.9459682473131885,
        "test_score": 0.9454820754416333,
        "num_samples": 3223,
        "fit_time": 880,
        "score_time": 273,
        "time": 1153,
        "parameters": {
            "C": 100.0,
            "penalty": "l2"
        },
        "done_at": 1674194050442,
        "split_id": 1
    },
    {
        "test_score_gib": 0.9393636842019354,
        "train_score": 0.9475934253859385,
        "test_score": 0.9393636842019354,
        "num_samples": 3223,
        "fit_time": 981,
        "score_time": 118,
        "time": 1099,
        "parameters": {
            "C": 100.0,
            "penalty": "l2"
        },
        "done_at": 1674194050481,
        "split_id": 2
    },
    {
        "test_score_gib": 0.944555637432654,
        "train_score": 0.9461540298505722,
        "test_score": 0.944555637432654,
        "num_samples": 3222,
        "fit_time": 867,
        "score_time": 89,
        "time": 956,
        "parameters": {
            "C": 100.0,
            "penalty": "l2"
        },
        "done_at": 1674194050638,
        "split_id": 3
    },
    {
        "test_score_gib": 0.9425288876013228,
        "train_score": 0.9469081506951215,
        "test_score": 0.9425288876013228,
        "num_samples": 3222,
        "fit_time": 626,
        "score_time": 80,
        "time": 706,
        "parameters": {
            "C": 100.0,
            "penalty": "l2"
        },
        "done_at": 1674194050856,
        "split_id": 4
    }
]