{
    "startedAt": 1674194045753,
    "gridSize": 5,
    "nThreads": 4,
    "nSplits": 5,
    "metric": "ROC_AUC",
    "timeout": null,
    "gridPoints": [
        {
            "finishedAt": 1674194046991,
            "score": 0.9345486169186378,
            "testScoreGibMean": 0.9345486169186378,
            "testScoreMean": 0.9345486169186378,
            "testScoreStd": 0.003259166517008692,
            "trainScoreMean": 0.9368047507750933,
            "trainScoreStd": 0.0009295874132563734,
            "time": 3078,
            "fitTimeMean": 300.4,
            "fitTimeStd": 85.07784670523814,
            "scoreTimeMean": 315.2,
            "scoreTimeStd": 51.03880876352817,
            "parameters": {
                "C": 0.1,
                "penalty": "l2"
            }
        },
        {
            "finishedAt": 1674194047475,
            "score": 0.8994615032737054,
            "testScoreGibMean": 0.8994615032737054,
            "testScoreMean": 0.8994615032737054,
            "testScoreStd": 0.0023078104247926637,
            "trainScoreMean": 0.900706801330854,
            "trainScoreStd": 0.0007170414352776165,
            "time": 2754,
            "fitTimeMean": 266.4,
            "fitTimeStd": 59.348462490615546,
            "scoreTimeMean": 284.4,
            "scoreTimeStd": 76.48424674401913,
            "parameters": {
                "C": 0.01,
                "penalty": "l2"
            }
        },
        {
            "finishedAt": 1674194048586,
            "score": 0.941513111523645,
            "testScoreGibMean": 0.941513111523645,
            "testScoreMean": 0.941513111523645,
            "testScoreStd": 0.004028513049236562,
            "trainScoreMean": 0.9468091455681965,
            "trainScoreStd": 0.0010093159310045092,
            "time": 4380,
            "fitTimeMean": 654.0,
            "fitTimeStd": 97.28720368064856,
            "scoreTimeMean": 222.0,
            "scoreTimeStd": 51.75712511336,
            "parameters": {
                "C": 10.0,
                "penalty": "l2"
            }
        },
        {
            "finishedAt": 1674194049669,
            "score": 0.9410705579254972,
            "testScoreGibMean": 0.9410705579254972,
            "testScoreMean": 0.9410705579254972,
            "testScoreStd": 0.003930828525102842,
            "trainScoreMean": 0.94502739560531,
            "trainScoreStd": 0.0010015835241325302,
            "time": 3690,
            "fitTimeMean": 491.4,
            "fitTimeStd": 35.67408022640527,
            "scoreTimeMean": 246.6,
            "scoreTimeStd": 80.57940183446388,
            "parameters": {
                "C": 1.0,
                "penalty": "l2"
            }
        },
        {
            "finishedAt": 1674194050856,
            "score": 0.9411968492994627,
            "testScoreGibMean": 0.9411968492994627,
            "testScoreMean": 0.9411968492994627,
            "testScoreStd": 0.004142127204104309,
            "trainScoreMean": 0.9470713679436301,
            "trainScoreStd": 0.0010117110292719523,
            "time": 4816,
            "fitTimeMean": 797.8,
            "fitTimeStd": 142.2158922202438,
            "scoreTimeMean": 165.4,
            "scoreTimeStd": 86.34488983141968,
            "parameters": {
                "C": 100.0,
                "penalty": "l2"
            }
        }
    ]
}