{
    "modelInputNRows": 16113,
    "modelInputNCols": 208,
    "modelInputIsSparse": false,
    "modelInputMemory": 26812032,
    "usedGridSearch": true,
    "gridSize": 5,
    "gridBestScore": 0.941513111523645,
    "gridCells": [
        {
            "params": {
                "C": 0.1,
                "penalty": "l2"
            },
            "score": 0.9345486169186378,
            "scoreStd": 0.003259166517008692,
            "fitTime": 0.3004,
            "fitTimeStd": 0.08507784670523814,
            "scoreTime": 0.3152,
            "scoreTimeStd": 0.051038808763528176
        },
        {
            "params": {
                "C": 0.01,
                "penalty": "l2"
            },
            "score": 0.8994615032737054,
            "scoreStd": 0.0023078104247926637,
            "fitTime": 0.26639999999999997,
            "fitTimeStd": 0.059348462490615546,
            "scoreTime": 0.2844,
            "scoreTimeStd": 0.07648424674401913
        },
        {
            "params": {
                "C": 10.0,
                "penalty": "l2"
            },
            "score": 0.941513111523645,
            "scoreStd": 0.004028513049236562,
            "fitTime": 0.654,
            "fitTimeStd": 0.09728720368064855,
            "scoreTime": 0.222,
            "scoreTimeStd": 0.051757125113359996
        },
        {
            "params": {
                "C": 1.0,
                "penalty": "l2"
            },
            "score": 0.9410705579254972,
            "scoreStd": 0.003930828525102842,
            "fitTime": 0.4914,
            "fitTimeStd": 0.03567408022640527,
            "scoreTime": 0.24659999999999999,
            "scoreTimeStd": 0.08057940183446388
        },
        {
            "params": {
                "C": 100.0,
                "penalty": "l2"
            },
            "score": 0.9411968492994627,
            "scoreStd": 0.004142127204104309,
            "fitTime": 0.7978,
            "fitTimeStd": 0.1422158922202438,
            "scoreTime": 0.16540000000000002,
            "scoreTimeStd": 0.08634488983141968
        }
    ],
    "lmCoefficients": {
        "variables": [
            "pages_visited",
            "campaign",
            "age",
            "price_first_item_purchased:unnamed_0",
            "dummy:ip_country_code:US",
            "dummy:ip_country_code:CN",
            "dummy:ip_country_code:JP",
            "dummy:ip_country_code:DE",
            "dummy:ip_country_code:FR",
            "dummy:ip_country_code:GB",
            "dummy:ip_country_code:KR",
            "dummy:ip_country_code:BR",
            "dummy:ip_country_code:CA",
            "dummy:ip_country_code:IT",
            "dummy:ip_country_code:NL",
            "dummy:ip_country_code:RU",
            "dummy:ip_country_code:AU",
            "dummy:ip_country_code:IN",
            "dummy:ip_country_code:ES",
            "dummy:ip_country_code:SE",
            "dummy:ip_country_code:TW",
            "dummy:ip_country_code:MX",
            "dummy:ip_country_code:ZA",
            "dummy:ip_country_code:PL",
            "dummy:ip_country_code:SG",
            "dummy:ip_country_code:CH",
            "dummy:ip_country_code:AR",
            "dummy:ip_country_code:CO",
            "dummy:ip_country_code:FI",
            "dummy:ip_country_code:NO",
            "dummy:ip_country_code:TR",
            "dummy:ip_country_code:AT",
            "dummy:ip_country_code:ID",
            "dummy:ip_country_code:DK",
            "dummy:ip_country_code:BE",
            "dummy:ip_country_code:EG",
            "dummy:ip_country_code:IE",
            "dummy:ip_country_code:VN",
            "dummy:ip_country_code:UA",
            "dummy:ip_country_code:SA",
            "dummy:ip_country_code:CL",
            "dummy:ip_country_code:IL",
            "dummy:ip_country_code:RO",
            "dummy:ip_country_code:PT",
            "dummy:ip_country_code:TH",
            "dummy:ip_country_code:VE",
            "dummy:ip_country_code:IR",
            "dummy:ip_country_code:PH",
            "dummy:ip_country_code:HU",
            "dummy:ip_country_code:MA",
            "dummy:ip_country_code:GR",
            "dummy:ip_country_code:MY",
            "dummy:ip_country_code:NZ",
            "dummy:ip_country_code:BG",
            "dummy:ip_country_code:SI",
            "dummy:ip_country_code:LT",
            "dummy:ip_country_code:HR",
            "dummy:ip_country_code:AE",
            "dummy:ip_country_code:PK",
            "dummy:ip_country_code:DZ",
            "dummy:ip_country_code:HK",
            "dummy:ip_country_code:LV",
            "dummy:ip_country_code:TN",
            "dummy:ip_country_code:RS",
            "dummy:ip_country_code:EC",
            "dummy:ip_country_code:SK",
            "dummy:ip_country_code:UY",
            "dummy:ip_country_code:BY",
            "dummy:ip_country_code:PE",
            "dummy:ip_country_code:MU",
            "dummy:ip_country_code:KE",
            "dummy:ip_country_code:KZ",
            "dummy:ip_country_code:IS",
            "dummy:ip_country_code:KW",
            "dummy:ip_country_code:PA",
            "dummy:ip_country_code:CR",
            "dummy:ip_country_code:BA",
            "dummy:ip_country_code:MD",
            "dummy:ip_country_code:TT",
            "dummy:ip_country_code:GE",
            "dummy:ip_country_code:NG",
            "dummy:ip_country_code:DO",
            "dummy:ip_country_code:EE",
            "dummy:ip_country_code:CY",
            "dummy:ip_country_code:OM",
            "dummy:ip_country_code:MT",
            "dummy:ip_country_code:CI",
            "dummy:ip_country_code:AO",
            "dummy:ip_country_code:PY",
            "dummy:ip_country_code:GT",
            "dummy:ip_country_code:HN",
            "dummy:ip_country_code:SV",
            "dummy:ip_country_code:SN",
            "dummy:ip_country_code:LU",
            "dummy:ip_country_code:BD",
            "dummy:ip_country_code:GF",
            "dummy:ip_country_code:SY",
            "dummy:ip_country_code:BH",
            "dummy:ip_country_code:RE",
            "dummy:ip_country_code:QA",
            "dummy:ip_country_code:CZ",
            "dummy:ip_country_code:TZ",
            "dummy:ip_country_code:AM",
            "dummy:ip_country_code:JM",
            "dummy:ip_country_code:N/A",
            "dummy:gender:F",
            "dummy:ip_geopoint:POINT(-97.822 37.751)",
            "dummy:ip_geopoint:POINT(113.722 34.7732)",
            "dummy:ip_geopoint:POINT(139.6895 35.6897)",
            "dummy:ip_geopoint:POINT(9.491 51.2993)",
            "dummy:ip_geopoint:POINT(126.9741 37.5112)",
            "dummy:ip_geopoint:POINT(-0.1224 51.4964)",
            "dummy:ip_geopoint:POINT(-79.3716 43.6319)",
            "dummy:ip_geopoint:POINT(4.8995 52.3824)",
            "dummy:ip_geopoint:POINT(2.3387 48.8582)",
            "dummy:ip_geopoint:POINT(-43.2192 -22.8305)",
            "dummy:ip_geopoint:POINT(12.1097 43.1479)",
            "dummy:ip_geopoint:POINT(143.2104 -33.494)",
            "dummy:ip_geopoint:POINT(77.006 20.0063)",
            "dummy:ip_geopoint:POINT(18.056 59.3247)",
            "dummy:ip_geopoint:POINT(116.385 39.9285)",
            "dummy:ip_geopoint:POINT(103.8014 1.3673)",
            "dummy:ip_geopoint:POINT(24 -29)",
            "dummy:ip_geopoint:POINT(121.4054 31.0442)",
            "dummy:ip_geopoint:POINT(37.6068 55.7386)",
            "dummy:ip_geopoint:POINT(-77.4903 39.0469)",
            "dummy:ip_geopoint:POINT(121 23.5)",
            "dummy:ip_geopoint:POINT(8.1551 47.1449)",
            "dummy:ip_geopoint:POINT(120.1612 30.2994)",
            "dummy:ip_geopoint:POINT(24.9349 60.1717)",
            "dummy:ip_geopoint:POINT(-58.3845 -34.6022)",
            "dummy:ip_geopoint:POINT(-46.6409 -23.6283)",
            "dummy:ip_geopoint:POINT(10.7559 59.9452)",
            "dummy:ip_geopoint:POINT(-99.0111 19.4371)",
            "dummy:ip_geopoint:POINT(-119.7257 45.8234)",
            "dummy:ip_geopoint:POINT(104.0667 30.6667)",
            "dummy:ip_geopoint:POINT(106.8272 -6.1728)",
            "dummy:ip_geopoint:POINT(-6.2591 53.3382)",
            "dummy:ip_geopoint:POINT(139.745 35.6887)",
            "dummy:ip_geopoint:POINT(-3.684 40.4172)",
            "dummy:ip_geopoint:POINT(113.2539 23.1181)",
            "dummy:ip_geopoint:POINT(51.4115 35.698)",
            "dummy:ip_geopoint:POINT(37.6171 55.7483)",
            "dummy:ip_geopoint:POINT(31.223 30.0355)",
            "dummy:ip_geopoint:POINT(21.0362 52.2394)",
            "dummy:ip_geopoint:POINT(114.1374 22.5318)",
            "dummy:ip_geopoint:POINT(-74.0799 4.5981)",
            "dummy:ip_geopoint:POINT(16.3801 48.2048)",
            "dummy:ip_geopoint:POINT(2.4075 48.8323)",
            "dummy:ip_geopoint:POINT(-66 8)",
            "dummy:ip_geopoint:POINT(139.6466 35.4343)",
            "dummy:ip_geopoint:POINT(4.3447 50.8509)",
            "dummy:ip_geopoint:POINT(46.7179 24.6569)",
            "dummy:ip_geopoint:POINT(30.5303 50.458)",
            "dummy:ip_geopoint:POINT(-74.0703 4.6351)",
            "dummy:ip_geopoint:POINT(-43.3436 -22.9485)",
            "dummy:ip_geopoint:POINT(72.8856 19.0748)",
            "dummy:ip_geopoint:POINT(-87.6318 41.8874)",
            "dummy:ip_geopoint:POINT(12.0564 55.7123)",
            "dummy:ip_geopoint:POINT(151.2006 -33.8715)",
            "dummy:ip_geopoint:POINT(24.9347 60.1719)",
            "dummy:ip_geopoint:POINT(-121.8916 37.3388)",
            "dummy:ip_geopoint:POINT(12.5126 41.8904)",
            "dummy:ip_geopoint:POINT(28.9948 41.0214)",
            "dummy:ip_geopoint:POINT(100.4608 13.7442)",
            "dummy:ip_geopoint:POINT(-75.5646 6.2529)",
            "dummy:ip_geopoint:POINT(153.0224 -27.4743)",
            "dummy:ip_geopoint:POINT(105.9984 16.002)",
            "dummy:ip_geopoint:POINT(2.1701 41.387)",
            "dummy:ip_geopoint:POINT(9.1922 45.4722)",
            "dummy:ip_geopoint:POINT(117.1762 39.1488)",
            "dummy:ip_geopoint:POINT(135.5136 34.6852)",
            "dummy:ip_geopoint:POINT(24.997 45.9968)",
            "dummy:ip_geopoint:POINT(45 25)",
            "dummy:ip_geopoint:POINT(114.2662 30.5851)",
            "dummy:ip_geopoint:POINT(-6.2439 53.3472)",
            "dummy:ip_geopoint:POINT(121.5324 25.0504)",
            "dummy:ip_geopoint:POINT(55.3087 25.2633)",
            "dummy:ip_geopoint:POINT(19.0947 47.5636)",
            "dummy:ip_geopoint:POINT(31.2852 30.0778)",
            "dummy:ip_geopoint:POINT(123.4314 41.7806)",
            "dummy:ip_geopoint:POINT(-3.6934 40.4163)",
            "dummy:ip_geopoint:POINT(11.5683 48.1663)",
            "dummy:ip_geopoint:POINT(120.9721 14.5955)",
            "dummy:ip_geopoint:POINT(23.7353 37.9842)",
            "dummy:ip_geopoint:POINT(106.6581 10.8326)",
            "dummy:ip_geopoint:POINT(9.4613 34.4739)",
            "dummy:ip_geopoint:POINT(113.5344 34.68)",
            "dummy:ip_geopoint:POINT(-84.4784 33.844)",
            "dummy:ip_geopoint:POINT(-7.6184 33.5922)",
            "dummy:ip_geopoint:POINT(34.75 31.5)",
            "dummy:ip_geopoint:POINT(121.476 31.242)",
            "dummy:ip_geopoint:POINT(120.6844 24.144)",
            "dummy:ip_geopoint:POINT(115.9316 28.5501)",
            "dummy:ip_geopoint:POINT(151.1997 -33.8672)",
            "dummy:ip_geopoint:POINT(-70.6653 -33.4513)",
            "dummy:ip_geopoint:POINT(121.5422 24.9389)",
            "dummy:ip_geopoint:POINT(121.3176 24.9889)",
            "dummy:ip_geopoint:POINT(174 -41)",
            "dummy:ip_geopoint:POINT(121.5495 29.8782)",
            "dummy:ip_geopoint:POINT(114.1501 22.2908)",
            "dummy:ip_geopoint:POINT(126.9864 37.5944)",
            "dummy:ip_geopoint:POINT(-70.6432 -33.439)",
            "dummy:ip_geopoint:POINT(-5 32)",
            "dummy:ip_geopoint:POINT(-47.9341 -15.7792)",
            "dummy:ip_geopoint:POINT(-77.539 39.018)",
            "dummy:ip_geopoint:N/A"
        ],
        "coefs": [
            0.2552036102715788,
            -1.2162257020871365,
            0.3925511828229888,
            3.0097367952956366,
            4.470662602381732,
            -2.759582406058213,
            2.3187805993362973,
            2.4185582538291186,
            2.2163882738434215,
            2.5458299223471306,
            1.632306634713011,
            -2.1393998314218847,
            2.9870072262195957,
            1.2039784459057814,
            3.2562020307947317,
            -1.383650954116209,
            2.96326016774842,
            -2.8152057572724867,
            1.0984881866374745,
            2.9973678653995135,
            2.7502583266293357,
            -1.534723304073156,
            -1.9698861343023666,
            -0.49837774190626843,
            4.343503188137251,
            2.804794432593942,
            -0.6524269115615581,
            -2.83245146199722,
            1.9373618192526,
            4.49480204690684,
            -2.2895605124356866,
            3.0516745621538583,
            -2.683539377290181,
            1.8035865136950635,
            2.5037216813034964,
            -4.445370696380819,
            2.4451223298280187,
            -4.766574875840134,
            -3.8542221847655584,
            0.4861699081653753,
            -1.0045905243009343,
            1.689609243983966,
            -1.6770418218365604,
            -0.08045675123187823,
            -1.7164612359813456,
            -1.2909827883597456,
            -0.6159371799425614,
            -1.38760247962587,
            -1.0149242022549636,
            -3.0835644438413574,
            0.0913489634849253,
            -1.9455187053378866,
            0.5727596493232056,
            -1.2211306897503147,
            1.0199158118832778,
            -0.027109945879758953,
            -0.709245647310096,
            1.1098515145764398,
            -2.282715420050824,
            -3.684222818313865,
            1.9440719635831127,
            -0.9889633711890637,
            -2.284234723163885,
            -3.2997731261423517,
            -3.0661994602537956,
            0.5827483404316729,
            -3.259475130885605,
            -1.4938894813229735,
            -2.8168358889246754,
            -2.504909581712769,
            -3.5021915140439304,
            -2.5838260486746445,
            2.837117073334432,
            3.001310906271262,
            -2.4866463461470736,
            -1.0187518470049746,
            -1.7606944580870536,
            -2.009059008742567,
            -0.5634559390868992,
            -2.9880402938775874,
            -2.516958375857992,
            -1.8590551133106095,
            0.6123260526842419,
            3.663088972346905,
            2.5610867047251267,
            1.7967020586348454,
            0.8072784694505338,
            -0.7119161790008623,
            -2.2346458585981686,
            -2.7784476934426072,
            -0.9535666352675563,
            -2.5161216985537407,
            -2.7179068979858965,
            5.664007533315414,
            -2.5750734856300115,
            2.6951895819315137,
            0.04961731679872696,
            2.6686841383069533,
            0.13644964673750273,
            4.044656038288847,
            3.240101082073222,
            -1.5945030769855115,
            -1.9089269272826226,
            -1.8593521205774703,
            2.518142875783559,
            1.120699765633783,
            -0.05946681455513641,
            0.5510968425639404,
            -0.07609373124686895,
            0.2565302723855949,
            -0.37261525966486925,
            -0.4463519033318758,
            0.11084707125311288,
            -0.16561980216860636,
            0.23946488459116436,
            0.09996326917852505,
            -0.20091079571280074,
            -0.021348775182881086,
            0.2102427161683472,
            -0.7334673039655916,
            1.3457281699053447,
            -1.5560430404472358,
            -0.2289405555651621,
            1.723393899462622,
            0.8512795330455792,
            0.1894013643806613,
            0.1886689659889912,
            0.8036151558254375,
            1.595699526140239,
            0.022936044757460167,
            -0.7790196766866502,
            0.8835852267247144,
            -0.3675870854800411,
            -0.8620152735510003,
            0.5096854572966367,
            0.10413937570877896,
            -1.9078712402380331,
            1.8288902727535141,
            1.3286042688110293,
            -0.6749334842088671,
            -0.660099884384761,
            -0.24749865616290012,
            0.21566343267846272,
            -1.9350316066206101,
            0.5755757686498686,
            2.3263020428327357,
            0.7522513020819842,
            0.09493628650326504,
            0.4584206017372775,
            -1.4608353995284817,
            0.5844472098746624,
            0.16782490756199958,
            1.045074349761307,
            0.860031430678596,
            0.696609229006449,
            -0.5740107146044509,
            2.5229255179547416,
            1.3716733174735123,
            -0.6581013610750542,
            0.06992439667563105,
            -0.08650669041441585,
            0.8971516500119605,
            -0.257313060595607,
            0.8885394181431416,
            -0.616781303451085,
            0.44480889947058827,
            -0.4492829374678788,
            -0.8637507678475252,
            1.4979907917698672,
            0.6110322748991298,
            -1.492966072203726,
            -0.5915356941144735,
            0.7604673500755239,
            -0.14380824822651606,
            -1.227958813441451,
            0.8925655489367015,
            0.34239955304973174,
            1.0818250972607326,
            1.6598585013612874,
            -0.6392849464552738,
            1.3038259836886914,
            1.1166411209884182,
            1.9672292668591582,
            -1.5556454139602032,
            -0.4915526276576291,
            -0.9636480500432815,
            0.879205815992097,
            -1.1150329641781338,
            -0.019747594682005806,
            -0.7600575881214485,
            0.027713717871532734,
            -1.4435148289719586,
            -0.49931436812186786,
            -1.244716428582832,
            0.9692031095953091,
            0.2245685395102122,
            -0.9709587567889809,
            -1.5855530031778997,
            1.3313174537333183,
            -1.4350574118066357,
            0.7890691176290089,
            0.6183801517701218,
            -2.3211205154931576,
            -1.761762761303525,
            -1.2820331363122428,
            -0.649808655928399,
            -0.8043261753664799
        ],
        "interceptStderr": null,
        "interceptTstat": null,
        "interceptPvalue": null,
        "interceptCoef": -13.409083651632475,
        "rescaledCoefs": [
            0.10216993726086729,
            -2.7723222974854704,
            0.024787890288276423,
            3.0097367952956366,
            4.470662602381732,
            -2.759582406058213,
            2.3187805993362973,
            2.4185582538291186,
            2.2163882738434215,
            2.5458299223471306,
            1.632306634713011,
            -2.1393998314218847,
            2.9870072262195957,
            1.2039784459057814,
            3.2562020307947317,
            -1.383650954116209,
            2.96326016774842,
            -2.8152057572724867,
            1.0984881866374745,
            2.9973678653995135,
            2.7502583266293357,
            -1.534723304073156,
            -1.9698861343023666,
            -0.49837774190626843,
            4.343503188137251,
            2.804794432593942,
            -0.6524269115615581,
            -2.83245146199722,
            1.9373618192526,
            4.49480204690684,
            -2.2895605124356866,
            3.0516745621538583,
            -2.683539377290181,
            1.8035865136950635,
            2.5037216813034964,
            -4.445370696380819,
            2.4451223298280187,
            -4.766574875840134,
            -3.8542221847655584,
            0.4861699081653753,
            -1.0045905243009343,
            1.689609243983966,
            -1.6770418218365604,
            -0.08045675123187823,
            -1.7164612359813456,
            -1.2909827883597456,
            -0.6159371799425614,
            -1.38760247962587,
            -1.0149242022549636,
            -3.0835644438413574,
            0.0913489634849253,
            -1.9455187053378866,
            0.5727596493232056,
            -1.2211306897503147,
            1.0199158118832778,
            -0.027109945879758953,
            -0.709245647310096,
            1.1098515145764398,
            -2.282715420050824,
            -3.684222818313865,
            1.9440719635831127,
            -0.9889633711890637,
            -2.284234723163885,
            -3.2997731261423517,
            -3.0661994602537956,
            0.5827483404316729,
            -3.259475130885605,
            -1.4938894813229735,
            -2.8168358889246754,
            -2.504909581712769,
            -3.5021915140439304,
            -2.5838260486746445,
            2.837117073334432,
            3.001310906271262,
            -2.4866463461470736,
            -1.0187518470049746,
            -1.7606944580870536,
            -2.009059008742567,
            -0.5634559390868992,
            -2.9880402938775874,
            -2.516958375857992,
            -1.8590551133106095,
            0.6123260526842419,
            3.663088972346905,
            2.5610867047251267,
            1.7967020586348454,
            0.8072784694505338,
            -0.7119161790008623,
            -2.2346458585981686,
            -2.7784476934426072,
            -0.9535666352675563,
            -2.5161216985537407,
            -2.7179068979858965,
            5.664007533315414,
            -2.5750734856300115,
            2.6951895819315137,
            0.04961731679872696,
            2.6686841383069533,
            0.13644964673750273,
            4.044656038288847,
            3.240101082073222,
            -1.5945030769855115,
            -1.9089269272826226,
            -1.8593521205774703,
            2.518142875783559,
            1.120699765633783,
            -0.05946681455513641,
            0.5510968425639404,
            -0.07609373124686895,
            0.2565302723855949,
            -0.37261525966486925,
            -0.4463519033318758,
            0.11084707125311288,
            -0.16561980216860636,
            0.23946488459116436,
            0.09996326917852505,
            -0.20091079571280074,
            -0.021348775182881086,
            0.2102427161683472,
            -0.7334673039655916,
            1.3457281699053447,
            -1.5560430404472358,
            -0.2289405555651621,
            1.723393899462622,
            0.8512795330455792,
            0.1894013643806613,
            0.1886689659889912,
            0.8036151558254375,
            1.595699526140239,
            0.022936044757460167,
            -0.7790196766866502,
            0.8835852267247144,
            -0.3675870854800411,
            -0.8620152735510003,
            0.5096854572966367,
            0.10413937570877896,
            -1.9078712402380331,
            1.8288902727535141,
            1.3286042688110293,
            -0.6749334842088671,
            -0.660099884384761,
            -0.24749865616290012,
            0.21566343267846272,
            -1.9350316066206101,
            0.5755757686498686,
            2.3263020428327357,
            0.7522513020819842,
            0.09493628650326504,
            0.4584206017372775,
            -1.4608353995284817,
            0.5844472098746624,
            0.16782490756199958,
            1.045074349761307,
            0.860031430678596,
            0.696609229006449,
            -0.5740107146044509,
            2.5229255179547416,
            1.3716733174735123,
            -0.6581013610750542,
            0.06992439667563105,
            -0.08650669041441585,
            0.8971516500119605,
            -0.257313060595607,
            0.8885394181431416,
            -0.616781303451085,
            0.44480889947058827,
            -0.4492829374678788,
            -0.8637507678475252,
            1.4979907917698672,
            0.6110322748991298,
            -1.492966072203726,
            -0.5915356941144735,
            0.7604673500755239,
            -0.14380824822651606,
            -1.227958813441451,
            0.8925655489367015,
            0.34239955304973174,
            1.0818250972607326,
            1.6598585013612874,
            -0.6392849464552738,
            1.3038259836886914,
            1.1166411209884182,
            1.9672292668591582,
            -1.5556454139602032,
            -0.4915526276576291,
            -0.9636480500432815,
            0.879205815992097,
            -1.1150329641781338,
            -0.019747594682005806,
            -0.7600575881214485,
            0.027713717871532734,
            -1.4435148289719586,
            -0.49931436812186786,
            -1.244716428582832,
            0.9692031095953091,
            0.2245685395102122,
            -0.9709587567889809,
            -1.5855530031778997,
            1.3313174537333183,
            -1.4350574118066357,
            0.7890691176290089,
            0.6183801517701218,
            -2.3211205154931576,
            -1.761762761303525,
            -1.2820331363122428,
            -0.649808655928399,
            -0.8043261753664799
        ],
        "rescaledInterceptCoef": -14.604000170082347
    },
    "probaAware": true
}