{
  "state": "DONE",
  "preSearchDescription": {
    "gridLength": 5,
    "searchStrategy": "GRID",
    "importantParams": [
      {
        "name": "penalty",
        "vals": [
          "l2"
        ]
      },
      {
        "name": "C",
        "vals": [
          "0.01",
          "0.1",
          "1.0",
          "10.0",
          "100.0"
        ]
      }
    ]
  },
  "postSearchDescription": {
    "importantParams": [
      {
        "name": "C",
        "val": "10.0"
      },
      {
        "name": "penalty",
        "val": "l2"
      }
    ]
  },
  "resumed": false,
  "timeOrderingEnabled": false,
  "sampleWeightsEnabled": false,
  "modelId": "m1",
  "progress": {
    "top_level_todo": [],
    "stack": [],
    "top_level_done": [
      {
        "name": "Loading train set",
        "time": 132
      },
      {
        "name": "Loading test set",
        "time": 69
      },
      {
        "name": "Collecting statistics",
        "time": 100
      },
      {
        "name": "Preprocessing train set",
        "time": 194
      },
      {
        "name": "Preprocessing test set",
        "time": 93
      },
      {
        "name": "Hyperparameter searching",
        "time": 6148
      },
      {
        "name": "Fitting model",
        "time": 273
      },
      {
        "name": "Saving model",
        "time": 5
      },
      {
        "name": "Scoring model",
        "time": 1696
      },
      {
        "name": "Preparing explainability",
        "time": 1005
      }
    ]
  },
  "startTime": 1674194045052,
  "endTime": 1674194054775,
  "preprocessingTime": 594,
  "trainingTime": 9129,
  "hyperparamsSearchTime": 6148,
  "pythonVersion": "3.6.8"
}