{
  "starred": false,
  "clusterMetas": {},
  "customMeta": {
    "kv": {}
  },
  "tags": [],
  "activeClassifierThreshold": 0.375,
  "description": "",
  "name": "Logistic Regression (s1)",
  "labels": [
    {
      "key": "trainDataset:dataset-name",
      "value": "train"
    },
    {
      "key": "testDataset:dataset-name",
      "value": "holdout"
    },
    {
      "key": "evaluationDataset:dataset-name",
      "value": "holdout"
    },
    {
      "key": "model:algorithm",
      "value": "LOGISTIC_REGRESSION"
    },
    {
      "key": "model:name",
      "value": "Logistic Regression (s1)"
    },
    {
      "key": "model:date",
      "value": "2023-01-20T05:54:14.775+0000"
    },
    {
      "key": "evaluation:date",
      "value": "2023-01-20T05:54:14.775+0000"
    }
  ]
}