{
  "params": {
    "ttPolicy": "EXPLICIT_FILTERING_TWO_DATASETS",
    "ssdSplitMode": "RANDOM",
    "splitBeforePrepare": true,
    "ssdSelection": {
      "useMemTable": false,
      "filter": {
        "distinct": false,
        "enabled": false
      },
      "partitionSelectionMethod": "ALL",
      "latestPartitionsN": 1,
      "ordering": {
        "enabled": false,
        "rules": []
      },
      "samplingMethod": "HEAD_SEQUENTIAL",
      "maxRecords": 100000,
      "targetRatio": 0.02,
      "withinFirstN": -1,
      "maxReadUncompressedBytes": -1
    },
    "ssdTrainingRatio": 0.8,
    "ssdStratified": false,
    "ssdSeed": 1337,
    "testOnLargerValues": true,
    "streamAll": false,
    "efsdTrain": {
      "selection": {
        "useMemTable": false,
        "filter": {
          "distinct": false,
          "enabled": false
        },
        "partitionSelectionMethod": "ALL",
        "latestPartitionsN": 1,
        "ordering": {
          "enabled": false,
          "rules": []
        },
        "samplingMethod": "HEAD_SEQUENTIAL",
        "maxRecords": 100000,
        "targetRatio": 0.02,
        "withinFirstN": -1,
        "maxReadUncompressedBytes": -1
      }
    },
    "efsdTest": {
      "selection": {
        "useMemTable": false,
        "filter": {
          "distinct": false,
          "enabled": false
        },
        "partitionSelectionMethod": "ALL",
        "latestPartitionsN": 1,
        "ordering": {
          "enabled": false,
          "rules": []
        },
        "samplingMethod": "HEAD_SEQUENTIAL",
        "maxRecords": 100000,
        "targetRatio": 0.02,
        "withinFirstN": -1,
        "maxReadUncompressedBytes": -1
      }
    },
    "eftdTrain": {
      "datasetSmartName": "train",
      "selection": {
        "useMemTable": false,
        "filter": {
          "distinct": false,
          "enabled": false
        },
        "partitionSelectionMethod": "ALL",
        "latestPartitionsN": 1,
        "ordering": {
          "enabled": false,
          "rules": []
        },
        "samplingMethod": "HEAD_SEQUENTIAL",
        "maxRecords": 100000,
        "targetRatio": 0.02,
        "withinFirstN": -1,
        "maxReadUncompressedBytes": -1
      }
    },
    "eftdTest": {
      "datasetSmartName": "holdout",
      "selection": {
        "useMemTable": false,
        "filter": {
          "distinct": false,
          "enabled": false
        },
        "partitionSelectionMethod": "ALL",
        "latestPartitionsN": 1,
        "ordering": {
          "enabled": false,
          "rules": []
        },
        "samplingMethod": "HEAD_SEQUENTIAL",
        "maxRecords": 100000,
        "targetRatio": 0.02,
        "withinFirstN": -1,
        "maxReadUncompressedBytes": -1
      }
    },
    "kfold": false,
    "nFolds": 5,
    "instanceIdRefresher": 0,
    "subSamplingSeed": 1337
  },
  "generationDate": 1674194008463,
  "policyId": "type\u003dEXPLICIT_FILTERING_TWO_DATASETS,trainSet\u003dtrain,trainSel\u003dmethod\u003dhead-s,records\u003d100000,trainFilter\u003dnull,testSet\u003dholdout,testSel\u003dmethod\u003dhead-s,records\u003d100000,testFilter\u003dnull",
  "instanceId": "842dc2817645a700588f6a8059305536-0",
  "format": "csv1",
  "schema": {
    "columns": [
      {"name":"customer_id","type":"string"},
      {"name":"age","type":"bigint"},
      {"name":"price_first_item_purchased","type":"double"},
      {"name":"gender","type":"string"},
      {"name":"ip","type":"string"},
      {"name":"ip_geopoint","type":"string"},
      {"name":"ip_country_code","type":"string"},
      {"name":"pages_visited","type":"bigint"},
      {"name":"campaign","type":"bigint"},
      {"name":"high_value","type":"double"}
    ],
    "userModified": false
  },
  "trainPath": "train.csv.gz",
  "testPath": "test.csv.gz",
  "trainRows": 16113,
  "testRows": 4028,
  "fullRows": 0
}