{
    "columns": [
        {
            "name": "customer_id",
            "type": "string"
        },
        {
            "name": "age",
            "type": "bigint"
        },
        {
            "name": "price_first_item_purchased",
            "type": "double"
        },
        {
            "name": "gender",
            "type": "string"
        },
        {
            "name": "ip",
            "type": "string"
        },
        {
            "name": "ip_geopoint",
            "type": "string"
        },
        {
            "name": "ip_country_code",
            "type": "string"
        },
        {
            "name": "pages_visited",
            "type": "bigint"
        },
        {
            "name": "campaign",
            "type": "bigint"
        },
        {
            "name": "high_value",
            "type": "double"
        }
    ],
    "userModified": true
}