{
  "type": "prediction_scoring",
  "neverRecomputeExistingPartitions": false,
  "optionalDependencies": false,
  "params": {
    "containerSelection": {
      "containerMode": "INHERIT"
    }
  },
  "customMeta": {
    "kv": {}
  },
  "redispatchPartitioning": false,
  "maxRunningActivities": 0,
  "variables": {},
  "dkuProperties": [],
  "inputs": {
    "model": {
      "items": [
        {
          "ref": "17d6o62Y",
          "deps": []
        }
      ]
    },
    "main": {
      "items": [
        {
          "ref": "unlabeled",
          "deps": []
        }
      ]
    }
  },
  "outputs": {
    "main": {
      "items": [
        {
          "ref": "unlabeled_scored_custom_model",
          "appendMode": false
        }
      ]
    }
  },
  "labels": [],
  "versionTag": {
    "versionNumber": 1,
    "lastModifiedBy": {
      "login": "tyler.freckmann@dataiku.com"
    },
    "lastModifiedOn": 1674159023617
  },
  "creationTag": {
    "versionNumber": 0,
    "lastModifiedBy": {
      "login": "tyler.freckmann@dataiku.com"
    },
    "lastModifiedOn": 1674159016370
  },
  "tags": [],
  "customFields": {},
  "checklists": {
    "checklists": []
  }
}