{
  "type": "prediction_scoring",
  "neverRecomputeExistingPartitions": false,
  "optionalDependencies": false,
  "params": {
    "containerSelection": {
      "containerMode": "INHERIT"
    }
  },
  "customMeta": {
    "kv": {}
  },
  "redispatchPartitioning": false,
  "maxRunningActivities": 0,
  "variables": {},
  "dkuProperties": [],
  "inputs": {
    "model": {
      "items": [
        {
          "ref": "jKRgyS8d",
          "deps": []
        }
      ]
    },
    "main": {
      "items": [
        {
          "ref": "unlabeled",
          "deps": []
        }
      ]
    }
  },
  "outputs": {
    "main": {
      "items": [
        {
          "ref": "unlabeled_scored_autoML",
          "appendMode": false
        }
      ]
    }
  },
  "labels": [],
  "versionTag": {
    "versionNumber": 1,
    "lastModifiedBy": {
      "login": "tyler.freckmann@dataiku.com"
    },
    "lastModifiedOn": 1674194326936
  },
  "creationTag": {
    "versionNumber": 0,
    "lastModifiedBy": {
      "login": "tyler.freckmann@dataiku.com"
    },
    "lastModifiedOn": 1674194323492
  },
  "tags": [],
  "customFields": {},
  "checklists": {
    "checklists": []
  }
}