{
  "type": "custom_python",
  "name": "Evaluate",
  "active": false,
  "creationTag": {
    "versionNumber": 0,
    "lastModifiedBy": {
      "login": "tyler.freckmann@dataiku.com"
    },
    "lastModifiedOn": 1674191850407
  },
  "versionTag": {
    "versionNumber": 1,
    "lastModifiedBy": {
      "login": "tyler.freckmann@dataiku.com"
    },
    "lastModifiedOn": 1674191905175
  },
  "checklists": {
    "checklists": []
  },
  "delayedTriggersBehavior": {
    "delayWhileRunning": true,
    "squashDelayedTriggers": true,
    "suppressTriggersWhileRunning": true
  },
  "tags": [],
  "triggers": [],
  "reporters": [],
  "params": {
    "envSelection": {
      "envMode": "INHERIT"
    }
  },
  "automationLocal": false,
  "customFields": {}
}