{
  "type": "join",
  "neverRecomputeExistingPartitions": false,
  "optionalDependencies": false,
  "customMeta": {
    "kv": {}
  },
  "redispatchPartitioning": false,
  "maxRunningActivities": 0,
  "variables": {},
  "dkuProperties": [],
  "inputs": {
    "main": {
      "items": [
        {
          "ref": "customers_data_prepared",
          "deps": []
        },
        {
          "ref": "web_data_prepared",
          "deps": []
        }
      ]
    }
  },
  "outputs": {
    "main": {
      "items": [
        {
          "ref": "customers_web_joined",
          "appendMode": false
        }
      ]
    }
  },
  "labels": [],
  "versionTag": {
    "versionNumber": 1,
    "lastModifiedBy": {
      "login": "tyler.freckmann@dataiku.com"
    },
    "lastModifiedOn": 1667240940677
  },
  "creationTag": {
    "versionNumber": 0,
    "lastModifiedBy": {
      "login": "tyler.freckmann@dataiku.com"
    },
    "lastModifiedOn": 1667240932635
  },
  "tags": [],
  "customFields": {},
  "checklists": {
    "checklists": []
  }
}