{
    "startedAt": 1674194012696,
    "gridSize": 2,
    "nThreads": 4,
    "nSplits": 5,
    "metric": "ROC_AUC",
    "timeout": null,
    "gridPoints": [
        {
            "finishedAt": 1674194026459,
            "score": 0.9114403860694327,
            "testScoreGibMean": 0.9114403860694327,
            "testScoreMean": 0.9114403860694327,
            "testScoreStd": 0.003170290562046327,
            "trainScoreMean": 0.9182312133693344,
            "trainScoreStd": 0.0029661479297440657,
            "time": 33989,
            "fitTimeMean": 5108.2,
            "fitTimeStd": 317.6623364517739,
            "scoreTimeMean": 1689.6,
            "scoreTimeStd": 604.2954906335144,
            "parameters": {
                "max_depth": 6,
                "max_features": "auto",
                "min_samples_leaf": 1,
                "n_estimators": 100,
                "min_samples_split": 3
            }
        },
        {
            "finishedAt": 1674194033659,
            "score": 0.9414575882864139,
            "testScoreGibMean": 0.9414575882864139,
            "testScoreMean": 0.9414575882864139,
            "testScoreStd": 0.0026745352365712964,
            "trainScoreMean": 0.9668812168837511,
            "trainScoreStd": 0.0015315230908675367,
            "time": 39988,
            "fitTimeMean": 5757.8,
            "fitTimeStd": 1341.081563515061,
            "scoreTimeMean": 2239.8,
            "scoreTimeStd": 945.7474081381349,
            "parameters": {
                "max_depth": 13,
                "max_features": "auto",
                "min_samples_leaf": 1,
                "n_estimators": 100,
                "min_samples_split": 3
            }
        }
    ]
}