[
    {
        "test_score_gib": 0.9084085420405728,
        "train_score": 0.9183377660789319,
        "test_score": 0.9084085420405728,
        "num_samples": 3223,
        "fit_time": 5270,
        "score_time": 1190,
        "time": 6460,
        "parameters": {
            "max_depth": 6,
            "max_features": "auto",
            "min_samples_leaf": 1,
            "n_estimators": 100,
            "min_samples_split": 3
        },
        "done_at": 1674194019158,
        "split_id": 0
    },
    {
        "test_score_gib": 0.9107048333852819,
        "train_score": 0.9136959569006118,
        "test_score": 0.9107048333852819,
        "num_samples": 3223,
        "fit_time": 5273,
        "score_time": 1365,
        "time": 6638,
        "parameters": {
            "max_depth": 6,
            "max_features": "auto",
            "min_samples_leaf": 1,
            "n_estimators": 100,
            "min_samples_split": 3
        },
        "done_at": 1674194019344,
        "split_id": 1
    },
    {
        "test_score_gib": 0.9103873128591538,
        "train_score": 0.9197182733109839,
        "test_score": 0.9103873128591538,
        "num_samples": 3223,
        "fit_time": 5270,
        "score_time": 1268,
        "time": 6538,
        "parameters": {
            "max_depth": 6,
            "max_features": "auto",
            "min_samples_leaf": 1,
            "n_estimators": 100,
            "min_samples_split": 3
        },
        "done_at": 1674194019241,
        "split_id": 2
    },
    {
        "test_score_gib": 0.9175790994340112,
        "train_score": 0.9226068603472755,
        "test_score": 0.9175790994340112,
        "num_samples": 3222,
        "fit_time": 5255,
        "score_time": 1804,
        "time": 7059,
        "parameters": {
            "max_depth": 6,
            "max_features": "auto",
            "min_samples_leaf": 1,
            "n_estimators": 100,
            "min_samples_split": 3
        },
        "done_at": 1674194019769,
        "split_id": 3
    },
    {
        "test_score_gib": 0.910123638739231,
        "train_score": 0.9167981231957776,
        "test_score": 0.910123638739231,
        "num_samples": 3222,
        "fit_time": 4473,
        "score_time": 2821,
        "time": 7294,
        "parameters": {
            "max_depth": 6,
            "max_features": "auto",
            "min_samples_leaf": 1,
            "n_estimators": 100,
            "min_samples_split": 3
        },
        "done_at": 1674194026459,
        "split_id": 4
    },
    {
        "test_score_gib": 0.937903944794179,
        "train_score": 0.9685807288401757,
        "test_score": 0.937903944794179,
        "num_samples": 3223,
        "fit_time": 6917,
        "score_time": 2830,
        "time": 9747,
        "parameters": {
            "max_depth": 13,
            "max_features": "auto",
            "min_samples_leaf": 1,
            "n_estimators": 100,
            "min_samples_split": 3
        },
        "done_at": 1674194029063,
        "split_id": 0
    },
    {
        "test_score_gib": 0.9461128414317261,
        "train_score": 0.9655710831235531,
        "test_score": 0.9461128414317261,
        "num_samples": 3223,
        "fit_time": 6856,
        "score_time": 3036,
        "time": 9892,
        "parameters": {
            "max_depth": 13,
            "max_features": "auto",
            "min_samples_leaf": 1,
            "n_estimators": 100,
            "min_samples_split": 3
        },
        "done_at": 1674194029282,
        "split_id": 1
    },
    {
        "test_score_gib": 0.9406326003804026,
        "train_score": 0.9681605607321135,
        "test_score": 0.9406326003804026,
        "num_samples": 3223,
        "fit_time": 6775,
        "score_time": 3005,
        "time": 9780,
        "parameters": {
            "max_depth": 13,
            "max_features": "auto",
            "min_samples_leaf": 1,
            "n_estimators": 100,
            "min_samples_split": 3
        },
        "done_at": 1674194029574,
        "split_id": 2
    },
    {
        "test_score_gib": 0.9407097901893954,
        "train_score": 0.9646159731550277,
        "test_score": 0.9407097901893954,
        "num_samples": 3222,
        "fit_time": 4273,
        "score_time": 1707,
        "time": 5980,
        "parameters": {
            "max_depth": 13,
            "max_features": "auto",
            "min_samples_leaf": 1,
            "n_estimators": 100,
            "min_samples_split": 3
        },
        "done_at": 1674194032448,
        "split_id": 3
    },
    {
        "test_score_gib": 0.9419286787823168,
        "train_score": 0.9674772206529119,
        "test_score": 0.9419286787823168,
        "num_samples": 3222,
        "fit_time": 3968,
        "score_time": 621,
        "time": 4589,
        "parameters": {
            "max_depth": 13,
            "max_features": "auto",
            "min_samples_leaf": 1,
            "n_estimators": 100,
            "min_samples_split": 3
        },
        "done_at": 1674194033659,
        "split_id": 4
    }
]