{
    "modelInputNRows": 16113,
    "modelInputNCols": 212,
    "modelInputIsSparse": false,
    "modelInputMemory": 27327648,
    "usedGridSearch": true,
    "gridSize": 2,
    "gridBestScore": 0.9414575882864139,
    "gridCells": [
        {
            "params": {
                "max_depth": 6,
                "max_features": "auto",
                "min_samples_leaf": 1,
                "n_estimators": 100,
                "min_samples_split": 3
            },
            "score": 0.9114403860694327,
            "scoreStd": 0.003170290562046327,
            "fitTime": 5.1082,
            "fitTimeStd": 0.3176623364517739,
            "scoreTime": 1.6896,
            "scoreTimeStd": 0.6042954906335144
        },
        {
            "params": {
                "max_depth": 13,
                "max_features": "auto",
                "min_samples_leaf": 1,
                "n_estimators": 100,
                "min_samples_split": 3
            },
            "score": 0.9414575882864139,
            "scoreStd": 0.0026745352365712964,
            "fitTime": 5.7578000000000005,
            "fitTimeStd": 1.3410815635150608,
            "scoreTime": 2.2398000000000002,
            "scoreTimeStd": 0.945747408138135
        }
    ],
    "rawImportance": {
        "variables": [
            "pages_visited",
            "campaign",
            "age",
            "price_first_item_purchased:unnamed_0",
            "dummy:ip_country_code:US",
            "dummy:ip_country_code:CN",
            "dummy:ip_country_code:JP",
            "dummy:ip_country_code:DE",
            "dummy:ip_country_code:FR",
            "dummy:ip_country_code:GB",
            "dummy:ip_country_code:KR",
            "dummy:ip_country_code:BR",
            "dummy:ip_country_code:CA",
            "dummy:ip_country_code:IT",
            "dummy:ip_country_code:NL",
            "dummy:ip_country_code:RU",
            "dummy:ip_country_code:AU",
            "dummy:ip_country_code:IN",
            "dummy:ip_country_code:ES",
            "dummy:ip_country_code:SE",
            "dummy:ip_country_code:TW",
            "dummy:ip_country_code:MX",
            "dummy:ip_country_code:ZA",
            "dummy:ip_country_code:PL",
            "dummy:ip_country_code:SG",
            "dummy:ip_country_code:CH",
            "dummy:ip_country_code:AR",
            "dummy:ip_country_code:CO",
            "dummy:ip_country_code:FI",
            "dummy:ip_country_code:NO",
            "dummy:ip_country_code:TR",
            "dummy:ip_country_code:AT",
            "dummy:ip_country_code:ID",
            "dummy:ip_country_code:DK",
            "dummy:ip_country_code:BE",
            "dummy:ip_country_code:EG",
            "dummy:ip_country_code:IE",
            "dummy:ip_country_code:VN",
            "dummy:ip_country_code:UA",
            "dummy:ip_country_code:SA",
            "dummy:ip_country_code:CL",
            "dummy:ip_country_code:IL",
            "dummy:ip_country_code:RO",
            "dummy:ip_country_code:PT",
            "dummy:ip_country_code:TH",
            "dummy:ip_country_code:VE",
            "dummy:ip_country_code:IR",
            "dummy:ip_country_code:PH",
            "dummy:ip_country_code:HU",
            "dummy:ip_country_code:MA",
            "dummy:ip_country_code:GR",
            "dummy:ip_country_code:MY",
            "dummy:ip_country_code:NZ",
            "dummy:ip_country_code:BG",
            "dummy:ip_country_code:SI",
            "dummy:ip_country_code:LT",
            "dummy:ip_country_code:HR",
            "dummy:ip_country_code:AE",
            "dummy:ip_country_code:PK",
            "dummy:ip_country_code:DZ",
            "dummy:ip_country_code:HK",
            "dummy:ip_country_code:LV",
            "dummy:ip_country_code:TN",
            "dummy:ip_country_code:RS",
            "dummy:ip_country_code:EC",
            "dummy:ip_country_code:SK",
            "dummy:ip_country_code:UY",
            "dummy:ip_country_code:BY",
            "dummy:ip_country_code:PE",
            "dummy:ip_country_code:MU",
            "dummy:ip_country_code:KE",
            "dummy:ip_country_code:KZ",
            "dummy:ip_country_code:IS",
            "dummy:ip_country_code:KW",
            "dummy:ip_country_code:PA",
            "dummy:ip_country_code:CR",
            "dummy:ip_country_code:BA",
            "dummy:ip_country_code:MD",
            "dummy:ip_country_code:TT",
            "dummy:ip_country_code:GE",
            "dummy:ip_country_code:NG",
            "dummy:ip_country_code:DO",
            "dummy:ip_country_code:EE",
            "dummy:ip_country_code:CY",
            "dummy:ip_country_code:OM",
            "dummy:ip_country_code:MT",
            "dummy:ip_country_code:CI",
            "dummy:ip_country_code:AO",
            "dummy:ip_country_code:GT",
            "dummy:ip_country_code:HN",
            "dummy:ip_country_code:SV",
            "dummy:ip_country_code:LU",
            "dummy:ip_country_code:BD",
            "dummy:ip_country_code:GF",
            "dummy:ip_country_code:BH",
            "dummy:ip_country_code:QA",
            "dummy:ip_country_code:CZ",
            "dummy:ip_country_code:TZ",
            "dummy:ip_country_code:N/A",
            "dummy:ip_country_code:__Others__",
            "dummy:gender:F",
            "dummy:gender:M",
            "dummy:ip_geopoint:POINT(-97.822 37.751)",
            "dummy:ip_geopoint:POINT(113.722 34.7732)",
            "dummy:ip_geopoint:POINT(139.6895 35.6897)",
            "dummy:ip_geopoint:POINT(9.491 51.2993)",
            "dummy:ip_geopoint:POINT(126.9741 37.5112)",
            "dummy:ip_geopoint:POINT(-0.1224 51.4964)",
            "dummy:ip_geopoint:POINT(-79.3716 43.6319)",
            "dummy:ip_geopoint:POINT(4.8995 52.3824)",
            "dummy:ip_geopoint:POINT(2.3387 48.8582)",
            "dummy:ip_geopoint:POINT(-43.2192 -22.8305)",
            "dummy:ip_geopoint:POINT(12.1097 43.1479)",
            "dummy:ip_geopoint:POINT(143.2104 -33.494)",
            "dummy:ip_geopoint:POINT(77.006 20.0063)",
            "dummy:ip_geopoint:POINT(18.056 59.3247)",
            "dummy:ip_geopoint:POINT(116.385 39.9285)",
            "dummy:ip_geopoint:POINT(103.8014 1.3673)",
            "dummy:ip_geopoint:POINT(24 -29)",
            "dummy:ip_geopoint:POINT(121.4054 31.0442)",
            "dummy:ip_geopoint:POINT(37.6068 55.7386)",
            "dummy:ip_geopoint:POINT(-77.4903 39.0469)",
            "dummy:ip_geopoint:POINT(121 23.5)",
            "dummy:ip_geopoint:POINT(8.1551 47.1449)",
            "dummy:ip_geopoint:POINT(120.1612 30.2994)",
            "dummy:ip_geopoint:POINT(24.9349 60.1717)",
            "dummy:ip_geopoint:POINT(-58.3845 -34.6022)",
            "dummy:ip_geopoint:POINT(-46.6409 -23.6283)",
            "dummy:ip_geopoint:POINT(10.7559 59.9452)",
            "dummy:ip_geopoint:POINT(-99.0111 19.4371)",
            "dummy:ip_geopoint:POINT(-119.7257 45.8234)",
            "dummy:ip_geopoint:POINT(104.0667 30.6667)",
            "dummy:ip_geopoint:POINT(106.8272 -6.1728)",
            "dummy:ip_geopoint:POINT(-6.2591 53.3382)",
            "dummy:ip_geopoint:POINT(139.745 35.6887)",
            "dummy:ip_geopoint:POINT(-3.684 40.4172)",
            "dummy:ip_geopoint:POINT(113.2539 23.1181)",
            "dummy:ip_geopoint:POINT(51.4115 35.698)",
            "dummy:ip_geopoint:POINT(37.6171 55.7483)",
            "dummy:ip_geopoint:POINT(31.223 30.0355)",
            "dummy:ip_geopoint:POINT(21.0362 52.2394)",
            "dummy:ip_geopoint:POINT(114.1374 22.5318)",
            "dummy:ip_geopoint:POINT(-74.0799 4.5981)",
            "dummy:ip_geopoint:POINT(16.3801 48.2048)",
            "dummy:ip_geopoint:POINT(2.4075 48.8323)",
            "dummy:ip_geopoint:POINT(-66 8)",
            "dummy:ip_geopoint:POINT(139.6466 35.4343)",
            "dummy:ip_geopoint:POINT(4.3447 50.8509)",
            "dummy:ip_geopoint:POINT(46.7179 24.6569)",
            "dummy:ip_geopoint:POINT(30.5303 50.458)",
            "dummy:ip_geopoint:POINT(-74.0703 4.6351)",
            "dummy:ip_geopoint:POINT(-43.3436 -22.9485)",
            "dummy:ip_geopoint:POINT(72.8856 19.0748)",
            "dummy:ip_geopoint:POINT(-87.6318 41.8874)",
            "dummy:ip_geopoint:POINT(12.0564 55.7123)",
            "dummy:ip_geopoint:POINT(151.2006 -33.8715)",
            "dummy:ip_geopoint:POINT(24.9347 60.1719)",
            "dummy:ip_geopoint:POINT(-121.8916 37.3388)",
            "dummy:ip_geopoint:POINT(12.5126 41.8904)",
            "dummy:ip_geopoint:POINT(28.9948 41.0214)",
            "dummy:ip_geopoint:POINT(100.4608 13.7442)",
            "dummy:ip_geopoint:POINT(-75.5646 6.2529)",
            "dummy:ip_geopoint:POINT(153.0224 -27.4743)",
            "dummy:ip_geopoint:POINT(105.9984 16.002)",
            "dummy:ip_geopoint:POINT(2.1701 41.387)",
            "dummy:ip_geopoint:POINT(9.1922 45.4722)",
            "dummy:ip_geopoint:POINT(117.1762 39.1488)",
            "dummy:ip_geopoint:POINT(135.5136 34.6852)",
            "dummy:ip_geopoint:POINT(24.997 45.9968)",
            "dummy:ip_geopoint:POINT(45 25)",
            "dummy:ip_geopoint:POINT(114.2662 30.5851)",
            "dummy:ip_geopoint:POINT(-6.2439 53.3472)",
            "dummy:ip_geopoint:POINT(121.5324 25.0504)",
            "dummy:ip_geopoint:POINT(55.3087 25.2633)",
            "dummy:ip_geopoint:POINT(19.0947 47.5636)",
            "dummy:ip_geopoint:POINT(31.2852 30.0778)",
            "dummy:ip_geopoint:POINT(123.4314 41.7806)",
            "dummy:ip_geopoint:POINT(-3.6934 40.4163)",
            "dummy:ip_geopoint:POINT(11.5683 48.1663)",
            "dummy:ip_geopoint:POINT(120.9721 14.5955)",
            "dummy:ip_geopoint:POINT(23.7353 37.9842)",
            "dummy:ip_geopoint:POINT(106.6581 10.8326)",
            "dummy:ip_geopoint:POINT(9.4613 34.4739)",
            "dummy:ip_geopoint:POINT(113.5344 34.68)",
            "dummy:ip_geopoint:POINT(-84.4784 33.844)",
            "dummy:ip_geopoint:POINT(-7.6184 33.5922)",
            "dummy:ip_geopoint:POINT(34.75 31.5)",
            "dummy:ip_geopoint:POINT(121.476 31.242)",
            "dummy:ip_geopoint:POINT(120.6844 24.144)",
            "dummy:ip_geopoint:POINT(115.9316 28.5501)",
            "dummy:ip_geopoint:POINT(151.1997 -33.8672)",
            "dummy:ip_geopoint:POINT(-70.6653 -33.4513)",
            "dummy:ip_geopoint:POINT(121.5422 24.9389)",
            "dummy:ip_geopoint:POINT(121.3176 24.9889)",
            "dummy:ip_geopoint:POINT(174 -41)",
            "dummy:ip_geopoint:POINT(121.5495 29.8782)",
            "dummy:ip_geopoint:POINT(114.1501 22.2908)",
            "dummy:ip_geopoint:POINT(126.9864 37.5944)",
            "dummy:ip_geopoint:POINT(-70.6432 -33.439)",
            "dummy:ip_geopoint:POINT(-5 32)",
            "dummy:ip_geopoint:POINT(-47.9341 -15.7792)",
            "dummy:ip_geopoint:POINT(-77.539 39.018)",
            "dummy:ip_geopoint:N/A",
            "dummy:ip_geopoint:__Others__"
        ],
        "importances": [
            0.04168523828548925,
            0.1248859531670874,
            0.06372381346382487,
            0.23742949134890648,
            0.17812295493940858,
            0.08097597743044187,
            0.004450141182498557,
            0.002635790064855592,
            0.0009820269267534999,
            0.0019015483190558107,
            0.0012713716916876085,
            0.018442142567338712,
            0.0037942869593376566,
            0.0009253277851616313,
            0.0020364472034092775,
            0.007220331838941193,
            0.0010119322700737838,
            0.008452735633092135,
            0.00037868435690445706,
            0.0008742922734849779,
            0.0006317458878623111,
            0.006839078221547339,
            0.004528720689583239,
            0.0013004250871625222,
            0.0007589873771138587,
            0.0006303885008938867,
            0.0018772944718477968,
            0.003566978358270741,
            0.00017049661410489244,
            0.0013576788873747902,
            0.002184591399568515,
            0.000275534190406992,
            0.0016759917993074238,
            0.00018266638506569575,
            0.00010788331293745165,
            0.0024153533483968134,
            0.00020430946357744454,
            0.0019623386791025803,
            0.0024497681120484224,
            0.00013807583817642088,
            0.000320957224254056,
            6.161512834479014e-05,
            0.00031760291318884534,
            5.305337701164994e-05,
            0.0002513734659102174,
            0.0006454207497856624,
            4.949345137516929e-05,
            0.00022993726098607798,
            6.570580229273779e-05,
            0.0005045317398854034,
            5.475877703409903e-05,
            0.00029662825181714093,
            8.710262383364806e-06,
            0.00011968755669306015,
            4.233278796890808e-05,
            2.9922182561779204e-05,
            4.468622792896808e-05,
            1.0736397158446868e-06,
            0.0002103487610724656,
            0.00016812659509767147,
            3.938286891510684e-05,
            6.498276018997219e-05,
            3.596135881261641e-05,
            8.938896323771685e-05,
            6.424668443468473e-05,
            1.1454179164360156e-05,
            6.0783695099254526e-05,
            5.033186178267064e-05,
            0.00012549938156114376,
            3.51438661523127e-05,
            1.774257086289808e-07,
            2.0540879123764295e-05,
            9.631439881803305e-05,
            7.489934251819174e-05,
            5.0379070953711134e-05,
            2.9147417984377386e-05,
            1.5701153415864903e-05,
            1.8891700085225542e-05,
            1.2018034523275859e-05,
            8.090378525916812e-06,
            4.036295745012489e-05,
            2.8308617187812746e-05,
            1.3626069440402615e-06,
            4.3029359903255286e-07,
            3.229308927623656e-05,
            0.00011147369554060263,
            5.706621432257256e-05,
            5.8089805081041876e-08,
            4.013625238299596e-05,
            5.803778100293522e-06,
            2.3215621740696058e-05,
            8.142375990145179e-05,
            2.590039825263294e-05,
            8.130955076791732e-06,
            4.863808968452697e-06,
            3.3538027108922064e-05,
            3.1830054278122057e-06,
            2.927437464753382e-05,
            7.881814627878854e-05,
            0.00047093722202973113,
            0.01207644155268348,
            0.01128799434176058,
            0.09272404026565201,
            0.03010453224637542,
            0.0008055618925109875,
            0.0010180705216634922,
            0.0004481053910539762,
            0.0002873261395639482,
            0.0012524434612434642,
            0.0007122144335626962,
            0.0002407141666803201,
            0.0022172603552389506,
            0.00013808962866678588,
            0.0003431039075990392,
            0.002180120184268075,
            0.0002915605012231124,
            0.0011531731231924124,
            0.0001767428196889549,
            0.002345611019666167,
            0.0008857111621229542,
            0.0009120522353809311,
            0.0006586768342018027,
            0.0002982360573013284,
            0.00027020718775065786,
            0.0001565109768898366,
            4.845584608797755e-06,
            0.0005530331399835181,
            0.0001883911759860032,
            0.0002135372659125517,
            0.00033614741549249064,
            0.0004914715001463676,
            0.00015067223901727957,
            0.0007286026774877877,
            0.00034172350105513027,
            0.00020045139327528255,
            5.905450180807349e-05,
            0.0005259363380564552,
            5.4726784362691074e-05,
            0.0001363329546509667,
            0.0005752909782154865,
            5.200486688734251e-05,
            0.00017459948433437577,
            0.00020610315317632965,
            6.277570684715959e-05,
            3.310791749350654e-05,
            0.00022555729062182658,
            4.656357351208989e-05,
            6.870408028728443e-05,
            3.1518228458984395e-05,
            0.00021480513898575407,
            8.457165453075195e-05,
            0.00010825480972095033,
            8.857539830242193e-05,
            0.00029579112758836354,
            1.2525423774636148e-05,
            9.30675699417771e-05,
            8.033555164400653e-05,
            0.00015989973417930098,
            1.4351774171279204e-05,
            6.280956420920506e-05,
            6.47688557360387e-05,
            5.393372355204955e-05,
            2.2259282306695766e-05,
            0.00023495295303554355,
            0.00013284353457321604,
            3.4002750260308365e-05,
            1.7473639635537496e-05,
            9.240903080195464e-05,
            5.4326956782821185e-05,
            9.700338465175918e-07,
            0.0001220248351517501,
            2.044208923540674e-05,
            2.433721214359213e-05,
            1.7538684989602827e-06,
            4.222994517925064e-06,
            0.00010909669880133012,
            8.406160396914422e-05,
            5.686838303717765e-05,
            0.00013334503596807763,
            3.994311009480399e-05,
            2.462341375419494e-05,
            0.00010849674291154836,
            2.0105967079191207e-05,
            7.655095471093385e-06,
            0.00010387821804836038,
            4.502100201500058e-05,
            4.9620756504662525e-05,
            6.276978281493962e-05,
            1.8664981063863563e-05,
            1.697016321760904e-05,
            6.975203029014274e-05,
            4.333199996271508e-06,
            2.119685885268186e-05,
            3.497658134247267e-05,
            3.588662144400632e-06,
            4.2927620350387586e-05,
            4.400669651712155e-05,
            1.3199011904759075e-05,
            3.948034639569468e-05,
            3.7645969678172295e-05,
            1.4759176965439471e-05,
            0.00012945786193479204,
            1.9922621693233806e-05,
            0.008187593919978612
        ]
    },
    "probaAware": true
}