{
  "state": "DONE",
  "preSearchDescription": {
    "gridLength": 2,
    "searchStrategy": "GRID",
    "importantParams": [
      {
        "name": "trees",
        "vals": [
          "100"
        ]
      },
      {
        "name": "depth",
        "vals": [
          "6",
          "13"
        ]
      },
      {
        "name": "min_samples",
        "vals": [
          "1"
        ]
      }
    ]
  },
  "postSearchDescription": {
    "importantParams": [
      {
        "name": "trees",
        "val": "100"
      },
      {
        "name": "depth",
        "val": "13"
      },
      {
        "name": "min_samples",
        "val": "1"
      }
    ]
  },
  "resumed": false,
  "timeOrderingEnabled": false,
  "sampleWeightsEnabled": false,
  "modelId": "m1",
  "progress": {
    "top_level_todo": [],
    "stack": [],
    "top_level_done": [
      {
        "name": "Loading train set",
        "time": 82
      },
      {
        "name": "Loading test set",
        "time": 19
      },
      {
        "name": "Collecting statistics",
        "time": 40
      },
      {
        "name": "Preprocessing train set",
        "time": 113
      },
      {
        "name": "Preprocessing test set",
        "time": 34
      },
      {
        "name": "Hyperparameter searching",
        "time": 21248
      },
      {
        "name": "Fitting model",
        "time": 3342
      },
      {
        "name": "Saving model",
        "time": 143
      },
      {
        "name": "Scoring model",
        "time": 2714
      },
      {
        "name": "Preparing explainability",
        "time": 717
      }
    ]
  },
  "startTime": 1674194012317,
  "endTime": 1674194040778,
  "preprocessingTime": 294,
  "trainingTime": 28167,
  "hyperparamsSearchTime": 21248,
  "pythonVersion": "3.6.8"
}