{
  "state": "DONE",
  "preSearchDescription": {
    "gridLength": 1,
    "searchStrategy": "GRID",
    "importantParams": []
  },
  "postSearchDescription": {
    "importantParams": []
  },
  "resumed": false,
  "timeOrderingEnabled": false,
  "sampleWeightsEnabled": false,
  "modelId": "m1",
  "progress": {
    "top_level_todo": [],
    "stack": [],
    "top_level_done": [
      {
        "name": "Loading train set",
        "time": 82
      },
      {
        "name": "Loading test set",
        "time": 19
      },
      {
        "name": "Collecting statistics",
        "time": 41
      },
      {
        "name": "Preprocessing train set",
        "time": 111
      },
      {
        "name": "Preprocessing test set",
        "time": 34
      },
      {
        "name": "Fitting model",
        "time": 84886
      },
      {
        "name": "Saving model",
        "time": 30
      },
      {
        "name": "Scoring model",
        "time": 343
      },
      {
        "name": "Preparing explainability",
        "time": 473
      }
    ]
  },
  "startTime": 1674194012317,
  "endTime": 1674194098343,
  "preprocessingTime": 291,
  "trainingTime": 85735,
  "hyperparamsSearchTime": 0,
  "pythonVersion": "3.6.8"
}