{
    "details": {
        "ip_country_code": {
            "levels": [
                "US",
                "CN",
                "JP",
                "DE",
                "FR",
                "GB",
                "KR",
                "BR",
                "CA",
                "IT",
                "NL",
                "RU",
                "AU",
                "IN",
                "ES",
                "SE",
                "TW",
                "MX",
                "ZA",
                "PL",
                "SG",
                "CH",
                "AR",
                "CO",
                "FI",
                "NO",
                "TR",
                "AT",
                "ID",
                "DK",
                "BE",
                "EG",
                "IE",
                "VN",
                "UA",
                "SA",
                "CL",
                "IL",
                "RO",
                "PT",
                "TH",
                "VE",
                "IR",
                "PH",
                "HU",
                "MA",
                "GR",
                "MY",
                "NZ",
                "BG",
                "SI",
                "LT",
                "HR",
                "AE",
                "PK",
                "DZ",
                "HK",
                "LV",
                "TN",
                "RS",
                "EC",
                "SK",
                "UY",
                "BY",
                "PE",
                "MU",
                "KE",
                "KZ",
                "IS",
                "KW",
                "PA",
                "CR",
                "BA",
                "MD",
                "TT",
                "GE",
                "NG",
                "DO",
                "EE",
                "CY",
                "OM",
                "MT",
                "CI",
                "AO",
                "PY",
                "GT",
                "HN",
                "SV",
                "SN",
                "LU",
                "BD",
                "GF",
                "SY",
                "BH",
                "RE",
                "QA",
                "CZ",
                "TZ",
                "AM",
                "JM"
            ],
            "with_others": true
        },
        "gender": {
            "levels": [
                "F",
                "M"
            ],
            "with_others": true
        },
        "ip_geopoint": {
            "levels": [
                "POINT(-97.822 37.751)",
                "POINT(113.722 34.7732)",
                "POINT(139.6895 35.6897)",
                "POINT(9.491 51.2993)",
                "POINT(126.9741 37.5112)",
                "POINT(-0.1224 51.4964)",
                "POINT(-79.3716 43.6319)",
                "POINT(4.8995 52.3824)",
                "POINT(2.3387 48.8582)",
                "POINT(-43.2192 -22.8305)",
                "POINT(12.1097 43.1479)",
                "POINT(143.2104 -33.494)",
                "POINT(77.006 20.0063)",
                "POINT(18.056 59.3247)",
                "POINT(116.385 39.9285)",
                "POINT(103.8014 1.3673)",
                "POINT(24 -29)",
                "POINT(121.4054 31.0442)",
                "POINT(37.6068 55.7386)",
                "POINT(-77.4903 39.0469)",
                "POINT(121 23.5)",
                "POINT(8.1551 47.1449)",
                "POINT(120.1612 30.2994)",
                "POINT(24.9349 60.1717)",
                "POINT(-58.3845 -34.6022)",
                "POINT(-46.6409 -23.6283)",
                "POINT(10.7559 59.9452)",
                "POINT(-99.0111 19.4371)",
                "POINT(-119.7257 45.8234)",
                "POINT(104.0667 30.6667)",
                "POINT(106.8272 -6.1728)",
                "POINT(-6.2591 53.3382)",
                "POINT(139.745 35.6887)",
                "POINT(-3.684 40.4172)",
                "POINT(113.2539 23.1181)",
                "POINT(51.4115 35.698)",
                "POINT(37.6171 55.7483)",
                "POINT(31.223 30.0355)",
                "POINT(21.0362 52.2394)",
                "POINT(114.1374 22.5318)",
                "POINT(-74.0799 4.5981)",
                "POINT(16.3801 48.2048)",
                "POINT(2.4075 48.8323)",
                "POINT(-66 8)",
                "POINT(139.6466 35.4343)",
                "POINT(4.3447 50.8509)",
                "POINT(46.7179 24.6569)",
                "POINT(30.5303 50.458)",
                "POINT(-74.0703 4.6351)",
                "POINT(-43.3436 -22.9485)",
                "POINT(72.8856 19.0748)",
                "POINT(-87.6318 41.8874)",
                "POINT(12.0564 55.7123)",
                "POINT(151.2006 -33.8715)",
                "POINT(24.9347 60.1719)",
                "POINT(-121.8916 37.3388)",
                "POINT(12.5126 41.8904)",
                "POINT(28.9948 41.0214)",
                "POINT(100.4608 13.7442)",
                "POINT(-75.5646 6.2529)",
                "POINT(153.0224 -27.4743)",
                "POINT(105.9984 16.002)",
                "POINT(2.1701 41.387)",
                "POINT(9.1922 45.4722)",
                "POINT(117.1762 39.1488)",
                "POINT(135.5136 34.6852)",
                "POINT(24.997 45.9968)",
                "POINT(45 25)",
                "POINT(114.2662 30.5851)",
                "POINT(-6.2439 53.3472)",
                "POINT(121.5324 25.0504)",
                "POINT(55.3087 25.2633)",
                "POINT(19.0947 47.5636)",
                "POINT(31.2852 30.0778)",
                "POINT(123.4314 41.7806)",
                "POINT(-3.6934 40.4163)",
                "POINT(11.5683 48.1663)",
                "POINT(120.9721 14.5955)",
                "POINT(23.7353 37.9842)",
                "POINT(106.6581 10.8326)",
                "POINT(9.4613 34.4739)",
                "POINT(113.5344 34.68)",
                "POINT(-84.4784 33.844)",
                "POINT(-7.6184 33.5922)",
                "POINT(34.75 31.5)",
                "POINT(121.476 31.242)",
                "POINT(120.6844 24.144)",
                "POINT(115.9316 28.5501)",
                "POINT(151.1997 -33.8672)",
                "POINT(-70.6653 -33.4513)",
                "POINT(121.5422 24.9389)",
                "POINT(121.3176 24.9889)",
                "POINT(174 -41)",
                "POINT(121.5495 29.8782)",
                "POINT(114.1501 22.2908)",
                "POINT(126.9864 37.5944)",
                "POINT(-70.6432 -33.439)",
                "POINT(-5 32)",
                "POINT(-47.9341 -15.7792)",
                "POINT(-77.539 39.018)"
            ],
            "with_others": true
        }
    }
}