{
  "projectKey": "QS_DATASCI",
  "id": "AUTOMATE",
  "type": "custom_python",
  "name": "Automate",
  "active": false,
  "creationTag": {
    "versionNumber": 2,
    "lastModifiedBy": {
      "login": "dataiku-admin"
    },
    "lastModifiedOn": 1645057092079
  },
  "versionTag": {
    "versionNumber": 3,
    "lastModifiedBy": {
      "login": "dataiku-admin"
    },
    "lastModifiedOn": 1645058951147
  },
  "checklists": {
    "checklists": []
  },
  "delayedTriggersBehavior": {
    "delayWhileRunning": true,
    "squashDelayedTriggers": true,
    "suppressTriggersWhileRunning": true
  },
  "tags": [],
  "triggers": [],
  "reporters": [],
  "params": {
    "envSelection": {
      "envMode": "INHERIT"
    }
  },
  "automationLocal": false,
  "customFields": {}
}